n_samples,token_f1_mean,rouge_l_f1_mean,exact_match_mean,seq_sim_mean,accuracy,macro_f1,has_answer_tag_rate,valid_label_rate,mean_prediction_length,mean_non_ascii_ratio,model_name,backend
39,0.15455142359901247,0.12472438739075385,0.0,0.018305904067688294,0.02564102564102564,0.03333333333333333,0.02564102564102564,0.02564102564102564,618.3589743589744,0.0,meta-llama/Llama-3.2-1B,hf
39,0.08233550522688911,0.07130861439688944,0.0,0.019358174395912378,0.0,0.0,0.0,0.0,377.28205128205127,0.0,google/gemma-3-270m,hf
