{
  "n_samples": 39,
  "token_f1_mean": 0.15455142359901247,
  "rouge_l_f1_mean": 0.12472438739075385,
  "exact_match_mean": 0.0,
  "seq_sim_mean": 0.018305904067688294,
  "accuracy": 0.02564102564102564,
  "macro_f1": 0.03333333333333333,
  "has_answer_tag_rate": 0.02564102564102564,
  "valid_label_rate": 0.02564102564102564,
  "mean_prediction_length": 618.3589743589744,
  "mean_non_ascii_ratio": 0.0,
  "model_name": "meta-llama/Llama-3.2-1B",
  "backend": "hf"
}