{
  "n": 39,
  "token_f1_mean": 0.13142654132750917,
  "rouge_l_f1_mean": 0.10624242630784285,
  "exact_match_mean": 0.0,
  "seq_sim_mean": 0.01645683107829455,
  "accuracy": 0.3125,
  "macro_f1": 0.3272727272727273,
  "validity_metrics": {
    "has_answer_tag_rate": 0.0,
    "valid_label_rate": 0.41025641025641024,
    "mean_prediction_length": 756.0512820512821,
    "mean_non_ascii_ratio": 0.0
  },
  "advanced_metrics": {
    "bertscore_f1_mean": 0.809868207344642,
    "embedding_cosine_mean": 0.496031132264015
  },
  "model_name": "meta-llama/Llama-3.2-1B",
  "backend": "hf",
  "system_name": "llama_3_2_1b_baseline",
  "display_name": "Llama-3.2-1B baseline",
  "family": "Llama 3.2 1B",
  "group": "baseline"
}