system_name,label_correctness,signal_grounding,reasoning_quality,coverage,format_compliance,text_quality,overall_score,weighted_score
llama_soft_prompt,4.897435897435898,4.871794871794871,4.871794871794871,4.871794871794871,5.0,4.897435897435898,9.23076923076923,4.894871794871795
llama_flamingo,4.871794871794871,4.82051282051282,4.794871794871795,4.794871794871795,5.0,4.923076923076923,9.025641025641026,4.856410256410257
gemma_flamingo,4.871794871794871,4.564102564102564,4.564102564102564,4.564102564102564,5.0,4.743589743589744,7.384615384615385,4.717948717948718
gemma_soft_prompt,2.58974358974359,2.717948717948718,2.5641025641025643,2.6923076923076925,3.051282051282051,2.6923076923076925,4.923076923076923,2.6769230769230767
