{
  "n": 39,
  "token_f1_mean": 0.4674573647406605,
  "rouge_l_f1_mean": 0.2535131218943778,
  "exact_match_mean": 0.0,
  "seq_sim_mean": 0.06097484999886783
}