{
  "n": 39,
  "token_f1_mean": 0.13106874339656344,
  "rouge_l_f1_mean": 0.06272233530635336,
  "exact_match_mean": 0.0,
  "seq_sim_mean": 0.014222798655313987,
  "accuracy": 0.8571428571428571,
  "macro_f1": 0.4642857142857143,
  "validity_metrics": {
    "has_answer_tag_rate": 0.1282051282051282,
    "valid_label_rate": 0.1794871794871795,
    "mean_non_ascii_ratio": 0.07836529976498156,
    "mean_prediction_length": 510.3076923076923
  },
  "advanced_metrics": {
    "bertscore_f1_mean": 0.7651456838999039,
    "embedding_cosine_mean": 0.2637673680109378
  }
}