{
  "n": 39,
  "token_f1_mean": 0.414352614988517,
  "rouge_l_f1_mean": 0.22824345165747667,
  "exact_match_mean": 0.0,
  "seq_sim_mean": 0.06251672904176986,
  "accuracy": 1.0,
  "macro_f1": 0.5,
  "validity_metrics": {
    "has_answer_tag_rate": 1.0,
    "valid_label_rate": 1.0,
    "mean_non_ascii_ratio": 0.000668069948204647,
    "mean_prediction_length": 601.0
  },
  "advanced_metrics": {
    "bertscore_f1_mean": 0.8844111607624934,
    "embedding_cosine_mean": 0.7611318414027874
  }
}