{
  "n": 39,
  "token_f1_mean": 0.32162745106754814,
  "rouge_l_f1_mean": 0.15304362540769756,
  "exact_match_mean": 0.0,
  "seq_sim_mean": 0.03302660611828713
}