{
  "n": 39,
  "token_f1_mean": 0.4600278204803389,
  "rouge_l_f1_mean": 0.2390687616769641,
  "exact_match_mean": 0.0,
  "seq_sim_mean": 0.061916597988147616,
  "accuracy": 1.0,
  "macro_f1": 0.5,
  "validity_metrics": {
    "has_answer_tag_rate": 1.0,
    "valid_label_rate": 1.0,
    "mean_non_ascii_ratio": 0.0003771311735374619,
    "mean_prediction_length": 581.1794871794872
  },
  "advanced_metrics": {
    "bertscore_f1_mean": 0.8906420881931598,
    "embedding_cosine_mean": 0.7909215703988687
  }
}