{
  "n": 39,
  "token_f1_mean": 0.19126994246254098,
  "rouge_l_f1_mean": 0.0959121709227851,
  "exact_match_mean": 0.0,
  "seq_sim_mean": 0.017360042245832104
}